id;title;modifiedat;deletedat;createdat;task_id
1;Pizza SCSI;2020-11-01T12:20:51;2020-11-01T14:55:08;2020-10-31T18:27:12;1
2;Rufiyaa Washington;2020-11-01T13:03:30;2020-11-01T00:23:38;2020-11-01T12:55:23;2
3;Senior;2020-11-01T00:41:51;2020-10-31T19:16:37;2020-11-01T12:05:55;3
4;Saint Vincent and the Grenadines;2020-11-01T12:16:40;2020-11-01T07:31:18;2020-11-01T02:51:06;4
5;Rustic Plastic Soap matrix Court;2020-11-01T04:12:59;2020-11-01T17:21:16;2020-11-01T00:40:34;5
6;Zloty web-enabled SMS;2020-10-31T19:59:55;2020-11-01T06:49:46;2020-11-01T13:07:55;6
7;Home Loan Account homogeneous;2020-11-01T10:25:47;2020-10-31T19:50:09;2020-11-01T02:04:26;7
8;hard drive deposit;2020-11-01T11:46:32;2020-11-01T13:39:15;2020-11-01T08:45:05;8
9;Czech Koruna;2020-10-31T20:25:11;2020-11-01T06:45:24;2020-11-01T14:50:27;9
10;experiences cyan;2020-11-01T08:21:18;2020-10-31T22:55:42;2020-11-01T04:40:45;10
